"filename","folder","shareable_link","direct_download_link"
"AQA-8464C2F-JUN22-CR_Q06.pdf","8464C2F_question_pdfs","https://drive.google.com/file/d/14GAFqWnpM2yFnhNOiTtZEsqEyGecu1vC/view","https://drive.google.com/uc?export=download&id=14GAFqWnpM2yFnhNOiTtZEsqEyGecu1vC"
"AQA-8464C2F-JUN24_Q02.pdf","8464C2F_question_pdfs","https://drive.google.com/file/d/15-qaOaP1G4v1g3X1YVqGJ5_uwYkQN1HZ/view","https://drive.google.com/uc?export=download&id=15-qaOaP1G4v1g3X1YVqGJ5_uwYkQN1HZ"
"AQA-8464C2F-JUN23_Q02.pdf","8464C2F_question_pdfs","https://drive.google.com/file/d/15RhuDUgG-7yszTNZhuXo749bISNH2VLu/view","https://drive.google.com/uc?export=download&id=15RhuDUgG-7yszTNZhuXo749bISNH2VLu"
"AQA-8464C2F-JUN24_Q04.pdf","8464C2F_question_pdfs","https://drive.google.com/file/d/19bkiyyJVsFHY1BKiiesMa4oCINekH7e8/view","https://drive.google.com/uc?export=download&id=19bkiyyJVsFHY1BKiiesMa4oCINekH7e8"
"AQA-8464C2F-NOV20_Q06.pdf","8464C2F_question_pdfs","https://drive.google.com/file/d/19ulQFiu2DeLVRYwUtJK5RZ6T3jOKF6jh/view","https://drive.google.com/uc?export=download&id=19ulQFiu2DeLVRYwUtJK5RZ6T3jOKF6jh"
"AQA-8464C2F-JUN22-CR_Q03.pdf","8464C2F_question_pdfs","https://drive.google.com/file/d/1BP_7cgfadanrIuoQFhw9x1yYbRcudd_5/view","https://drive.google.com/uc?export=download&id=1BP_7cgfadanrIuoQFhw9x1yYbRcudd_5"
"AQA-8464C2F-NOV21_Q01.pdf","8464C2F_question_pdfs","https://drive.google.com/file/d/1ChvugLAhuzvSaKdG8lOoZOrM-GqNeACF/view","https://drive.google.com/uc?export=download&id=1ChvugLAhuzvSaKdG8lOoZOrM-GqNeACF"
"AQA-8464C2F-NOV21_Q03.pdf","8464C2F_question_pdfs","https://drive.google.com/file/d/1CpSh0ihZx94s_UK_fIyHUOejPe05wBE2/view","https://drive.google.com/uc?export=download&id=1CpSh0ihZx94s_UK_fIyHUOejPe05wBE2"
"AQA-8464C2F-JUN24_Q03.pdf","8464C2F_question_pdfs","https://drive.google.com/file/d/1Fp9Gbz82Pk3g1HQtN5mre2S1SfEkYldm/view","https://drive.google.com/uc?export=download&id=1Fp9Gbz82Pk3g1HQtN5mre2S1SfEkYldm"
"AQA-8464C2F-JUN23_Q03.pdf","8464C2F_question_pdfs","https://drive.google.com/file/d/1IJKnpLVkhPV6fd-MwC7gCI-gu3QtxhMq/view","https://drive.google.com/uc?export=download&id=1IJKnpLVkhPV6fd-MwC7gCI-gu3QtxhMq"
"AQA-8464C2F-NOV21_Q02.pdf","8464C2F_question_pdfs","https://drive.google.com/file/d/1IUX3NvhqpoWw3l5Hx29sPX6kOotbi7fn/view","https://drive.google.com/uc?export=download&id=1IUX3NvhqpoWw3l5Hx29sPX6kOotbi7fn"
"AQA-8464C2F-NOV21_Q07.pdf","8464C2F_question_pdfs","https://drive.google.com/file/d/1KjRcRrm7YEjRK7Z1ZIrd3bWBFD3IOLmu/view","https://drive.google.com/uc?export=download&id=1KjRcRrm7YEjRK7Z1ZIrd3bWBFD3IOLmu"
"AQA-8464C2F-NOV20_Q02.pdf","8464C2F_question_pdfs","https://drive.google.com/file/d/1MH1m6ozh7FMJvgtBhYJ6EF7DaStXWS62/view","https://drive.google.com/uc?export=download&id=1MH1m6ozh7FMJvgtBhYJ6EF7DaStXWS62"
"AQA-8464C2F-NOV21_Q05.pdf","8464C2F_question_pdfs","https://drive.google.com/file/d/1O2XKenil998b4_XAU4SuncluJHJdSP3v/view","https://drive.google.com/uc?export=download&id=1O2XKenil998b4_XAU4SuncluJHJdSP3v"
"AQA-8464C2F-JUN24_Q07.pdf","8464C2F_question_pdfs","https://drive.google.com/file/d/1QqBsDSB2ORkOMkzNE_DK3K7aVyf_WsC5/view","https://drive.google.com/uc?export=download&id=1QqBsDSB2ORkOMkzNE_DK3K7aVyf_WsC5"
"AQA-8464C2F-JUN23_Q06.pdf","8464C2F_question_pdfs","https://drive.google.com/file/d/1REon8oV8ZDfiKtqfJ_0phBRl7YaU-VvY/view","https://drive.google.com/uc?export=download&id=1REon8oV8ZDfiKtqfJ_0phBRl7YaU-VvY"
"AQA-8464C2F-JUN23_Q05.pdf","8464C2F_question_pdfs","https://drive.google.com/file/d/1V_Y4fdctELdm_szdbouiktPcbNShGYL-/view","https://drive.google.com/uc?export=download&id=1V_Y4fdctELdm_szdbouiktPcbNShGYL-"
"AQA-8464C2F-JUN24_Q06.pdf","8464C2F_question_pdfs","https://drive.google.com/file/d/1X9jHCDc6H_ZRoaHZ0IUJyRFQp9Nx65HH/view","https://drive.google.com/uc?export=download&id=1X9jHCDc6H_ZRoaHZ0IUJyRFQp9Nx65HH"
"AQA-8464C2F-JUN22-CR_Q01.pdf","8464C2F_question_pdfs","https://drive.google.com/file/d/1YSqU8KOcwdsdbLlrFuSMFbTYI12n2WZX/view","https://drive.google.com/uc?export=download&id=1YSqU8KOcwdsdbLlrFuSMFbTYI12n2WZX"
"AQA-8464C2F-NOV20_Q07.pdf","8464C2F_question_pdfs","https://drive.google.com/file/d/1_VUPYVf96DueWxV5YBjcsCRmsyx8J0lN/view","https://drive.google.com/uc?export=download&id=1_VUPYVf96DueWxV5YBjcsCRmsyx8J0lN"
"AQA-8464C2F-NOV21_Q04.pdf","8464C2F_question_pdfs","https://drive.google.com/file/d/1emWvm0Yt114FKETsv8_ONQl8YuAR9sl2/view","https://drive.google.com/uc?export=download&id=1emWvm0Yt114FKETsv8_ONQl8YuAR9sl2"
"AQA-8464C2F-JUN24_Q01.pdf","8464C2F_question_pdfs","https://drive.google.com/file/d/1f5aIqekjDfMQ3uqsCoG7f8EiObK9q1pE/view","https://drive.google.com/uc?export=download&id=1f5aIqekjDfMQ3uqsCoG7f8EiObK9q1pE"
"AQA-8464C2F-JUN24_Q05.pdf","8464C2F_question_pdfs","https://drive.google.com/file/d/1fYdor6JwwO_jcErLuhPd_d9PH854ouCy/view","https://drive.google.com/uc?export=download&id=1fYdor6JwwO_jcErLuhPd_d9PH854ouCy"
"AQA-8464C2F-NOV21_Q06.pdf","8464C2F_question_pdfs","https://drive.google.com/file/d/1gMTS969Ieegs5ogfv-l9sSj3_sQPNX_T/view","https://drive.google.com/uc?export=download&id=1gMTS969Ieegs5ogfv-l9sSj3_sQPNX_T"
"AQA-8464C2F-JUN23_Q01.pdf","8464C2F_question_pdfs","https://drive.google.com/file/d/1i2u0_9zxVONkMpumYZfFqT1SzMHQ_4FX/view","https://drive.google.com/uc?export=download&id=1i2u0_9zxVONkMpumYZfFqT1SzMHQ_4FX"
"AQA-8464C2F-NOV20_Q04.pdf","8464C2F_question_pdfs","https://drive.google.com/file/d/1mOh0xS7Mm8zJDkLntvj8nB_xhspu3u2O/view","https://drive.google.com/uc?export=download&id=1mOh0xS7Mm8zJDkLntvj8nB_xhspu3u2O"
"AQA-8464C2F-JUN22-CR_Q04.pdf","8464C2F_question_pdfs","https://drive.google.com/file/d/1mbRkYhk292PxQgZkyQHHW1v__qR0dSlP/view","https://drive.google.com/uc?export=download&id=1mbRkYhk292PxQgZkyQHHW1v__qR0dSlP"
"AQA-8464C2F-JUN22-CR_Q02.pdf","8464C2F_question_pdfs","https://drive.google.com/file/d/1ohju0GT87mUtt3ovDqBVFSPP9TRySeEC/view","https://drive.google.com/uc?export=download&id=1ohju0GT87mUtt3ovDqBVFSPP9TRySeEC"
"AQA-8464C2F-JUN23_Q04.pdf","8464C2F_question_pdfs","https://drive.google.com/file/d/1plbWO6pfl2Q943H2er7Qxhn0cbJulJ_3/view","https://drive.google.com/uc?export=download&id=1plbWO6pfl2Q943H2er7Qxhn0cbJulJ_3"
"AQA-8464C2F-JUN22-CR_Q05.pdf","8464C2F_question_pdfs","https://drive.google.com/file/d/1q-NW8L4ErjcGgrO68eTIZ0xKhM5fvDZb/view","https://drive.google.com/uc?export=download&id=1q-NW8L4ErjcGgrO68eTIZ0xKhM5fvDZb"
"AQA-8464C2F-NOV20_Q01.pdf","8464C2F_question_pdfs","https://drive.google.com/file/d/1rIvnkk5bV-bG8Zx4tDnG3RPB_HPeLuW1/view","https://drive.google.com/uc?export=download&id=1rIvnkk5bV-bG8Zx4tDnG3RPB_HPeLuW1"
"AQA-8464C2F-NOV20_Q03.pdf","8464C2F_question_pdfs","https://drive.google.com/file/d/1sJ3SSlPK55r7rEbp3nk1Ed2JDCSrGfUE/view","https://drive.google.com/uc?export=download&id=1sJ3SSlPK55r7rEbp3nk1Ed2JDCSrGfUE"
"AQA-8464C2F-NOV20_Q05.pdf","8464C2F_question_pdfs","https://drive.google.com/file/d/1xUKSlaMXDpNW5TxPp2IPUxzpDCCCOQSg/view","https://drive.google.com/uc?export=download&id=1xUKSlaMXDpNW5TxPp2IPUxzpDCCCOQSg"
"AQA-8464C2F-JUN22-CR_Q07.pdf","8464C2F_question_pdfs","https://drive.google.com/file/d/1zwvqpoPTe9U7yaCfv1LSR5jms8HHccDp/view","https://drive.google.com/uc?export=download&id=1zwvqpoPTe9U7yaCfv1LSR5jms8HHccDp"
"AQA-8464C2H-NOV20_Q01.pdf","8464C2H_question_pdfs","https://drive.google.com/file/d/13VAWvaHxlSFVwUUWDfljNRit_7KMzYvv/view","https://drive.google.com/uc?export=download&id=13VAWvaHxlSFVwUUWDfljNRit_7KMzYvv"
"AQA-8464C2H-JUN23_Q03.pdf","8464C2H_question_pdfs","https://drive.google.com/file/d/14lyxHzZhOKhN2lF7H-ynZckm4lzJ8xbG/view","https://drive.google.com/uc?export=download&id=14lyxHzZhOKhN2lF7H-ynZckm4lzJ8xbG"
"AQA-8464C2H-JUN24_Q05.pdf","8464C2H_question_pdfs","https://drive.google.com/file/d/16lzjmXIC-j8-C1cpt4mwHHWH0G5d_6Bs/view","https://drive.google.com/uc?export=download&id=16lzjmXIC-j8-C1cpt4mwHHWH0G5d_6Bs"
"AQA-8464C2H-NOV20_Q02.pdf","8464C2H_question_pdfs","https://drive.google.com/file/d/16sFAkgL6F27-fsWOCeejXbL-P682jeZe/view","https://drive.google.com/uc?export=download&id=16sFAkgL6F27-fsWOCeejXbL-P682jeZe"
"AQA-8464C2H-NOV21_Q05.pdf","8464C2H_question_pdfs","https://drive.google.com/file/d/18p_jGmr81sq0crv08vMUCpBYzhJYNXqZ/view","https://drive.google.com/uc?export=download&id=18p_jGmr81sq0crv08vMUCpBYzhJYNXqZ"
"AQA-8464C2H-NOV20_Q06.pdf","8464C2H_question_pdfs","https://drive.google.com/file/d/1A6yb8AhuU_mOiVC68F3VQnfwPjzBQQyq/view","https://drive.google.com/uc?export=download&id=1A6yb8AhuU_mOiVC68F3VQnfwPjzBQQyq"
"AQA-8464C2H-JUN19_Q05.pdf","8464C2H_question_pdfs","https://drive.google.com/file/d/1BGqt7BusIHcv4STWLQF7P3ERxhlPqqoN/view","https://drive.google.com/uc?export=download&id=1BGqt7BusIHcv4STWLQF7P3ERxhlPqqoN"
"AQA-8464C2H-JUN22_Q06.pdf","8464C2H_question_pdfs","https://drive.google.com/file/d/1CjlKZiXprlHFuVgYbBPSfVJx-LwK0wCl/view","https://drive.google.com/uc?export=download&id=1CjlKZiXprlHFuVgYbBPSfVJx-LwK0wCl"
"AQA-8464C2H-JUN19_Q02.pdf","8464C2H_question_pdfs","https://drive.google.com/file/d/1EMcfK4T0zjEH2WoX8uHBRhNthvXv9HEO/view","https://drive.google.com/uc?export=download&id=1EMcfK4T0zjEH2WoX8uHBRhNthvXv9HEO"
"AQA-8464C2H-JUN23_Q04.pdf","8464C2H_question_pdfs","https://drive.google.com/file/d/1GWNZj8A8F49BMaNhqD2X15nyjB0-0uCV/view","https://drive.google.com/uc?export=download&id=1GWNZj8A8F49BMaNhqD2X15nyjB0-0uCV"
"AQA-8464C2H-JUN22_Q01.pdf","8464C2H_question_pdfs","https://drive.google.com/file/d/1JRZlU7Qzods2REx_Z-9efjtB_jWfl7AJ/view","https://drive.google.com/uc?export=download&id=1JRZlU7Qzods2REx_Z-9efjtB_jWfl7AJ"
"AQA-8464C2H-JUN24_Q01.pdf","8464C2H_question_pdfs","https://drive.google.com/file/d/1LVrbkYMNxNVApSzCht4H9D6YwGoFwOKI/view","https://drive.google.com/uc?export=download&id=1LVrbkYMNxNVApSzCht4H9D6YwGoFwOKI"
"AQA-8464C2H-JUN24_Q04.pdf","8464C2H_question_pdfs","https://drive.google.com/file/d/1P2NqV8TfzwLTJV2qlm25MCA0z_GeF7Cv/view","https://drive.google.com/uc?export=download&id=1P2NqV8TfzwLTJV2qlm25MCA0z_GeF7Cv"
"AQA-8464C2H-JUN23_Q02.pdf","8464C2H_question_pdfs","https://drive.google.com/file/d/1PH9rmRU-cmTmYJ0bFqk9vXMXmXo6_m-H/view","https://drive.google.com/uc?export=download&id=1PH9rmRU-cmTmYJ0bFqk9vXMXmXo6_m-H"
"AQA-8464C2H-JUN22_Q02.pdf","8464C2H_question_pdfs","https://drive.google.com/file/d/1Pa3g9o4aT7NHuuweamZwCk_CLZGD9Ycs/view","https://drive.google.com/uc?export=download&id=1Pa3g9o4aT7NHuuweamZwCk_CLZGD9Ycs"
"AQA-8464C2H-JUN19_Q03.pdf","8464C2H_question_pdfs","https://drive.google.com/file/d/1R_gH5S9vsTbMptBVHd_aIQL_dvUPo8Dp/view","https://drive.google.com/uc?export=download&id=1R_gH5S9vsTbMptBVHd_aIQL_dvUPo8Dp"
"AQA-8464C2H-JUN22_Q03.pdf","8464C2H_question_pdfs","https://drive.google.com/file/d/1RcsXz02YZZsO9EkJMlljnW8ymuojohHx/view","https://drive.google.com/uc?export=download&id=1RcsXz02YZZsO9EkJMlljnW8ymuojohHx"
"AQA-8464C2H-JUN23_Q06.pdf","8464C2H_question_pdfs","https://drive.google.com/file/d/1Ueycd2fyAcyhcQQ3KxQWwOrUwyh8LydP/view","https://drive.google.com/uc?export=download&id=1Ueycd2fyAcyhcQQ3KxQWwOrUwyh8LydP"
"AQA-8464C2H-NOV20_Q03.pdf","8464C2H_question_pdfs","https://drive.google.com/file/d/1YW169QO_ehYzklZWh7JKTc7r0i682-gI/view","https://drive.google.com/uc?export=download&id=1YW169QO_ehYzklZWh7JKTc7r0i682-gI"
"AQA-8464C2H-JUN19_Q07.pdf","8464C2H_question_pdfs","https://drive.google.com/file/d/1_BeSnx273soQF9-oplevVDS0KL5GDa6D/view","https://drive.google.com/uc?export=download&id=1_BeSnx273soQF9-oplevVDS0KL5GDa6D"
"AQA-8464C2H-JUN19_Q04.pdf","8464C2H_question_pdfs","https://drive.google.com/file/d/1aOPmjB6idaQr2J1zCpdiBrUi6k0fCfeD/view","https://drive.google.com/uc?export=download&id=1aOPmjB6idaQr2J1zCpdiBrUi6k0fCfeD"
"AQA-8464C2H-NOV20_Q04.pdf","8464C2H_question_pdfs","https://drive.google.com/file/d/1b1vFMjcW1WdteEgGoA3ewd2qTPmOzdf-/view","https://drive.google.com/uc?export=download&id=1b1vFMjcW1WdteEgGoA3ewd2qTPmOzdf-"
"AQA-8464C2H-NOV21_Q04.pdf","8464C2H_question_pdfs","https://drive.google.com/file/d/1cF53lbsZvScjTtNMJqqCPsFjTp_2nXTX/view","https://drive.google.com/uc?export=download&id=1cF53lbsZvScjTtNMJqqCPsFjTp_2nXTX"
"AQA-8464C2H-NOV20_Q07.pdf","8464C2H_question_pdfs","https://drive.google.com/file/d/1dk7aeHlG8b-jC_iLNZG4fpNUEzKEXN5-/view","https://drive.google.com/uc?export=download&id=1dk7aeHlG8b-jC_iLNZG4fpNUEzKEXN5-"
"AQA-8464C2H-NOV21_Q01.pdf","8464C2H_question_pdfs","https://drive.google.com/file/d/1dsPDfLq4WXlv5UyDYnRNujEr5laG0OvH/view","https://drive.google.com/uc?export=download&id=1dsPDfLq4WXlv5UyDYnRNujEr5laG0OvH"
"AQA-8464C2H-NOV21_Q03.pdf","8464C2H_question_pdfs","https://drive.google.com/file/d/1fHOxPOZRgwaKkokZPcOVcmmUdm4tmKee/view","https://drive.google.com/uc?export=download&id=1fHOxPOZRgwaKkokZPcOVcmmUdm4tmKee"
"AQA-8464C2H-JUN19_Q06.pdf","8464C2H_question_pdfs","https://drive.google.com/file/d/1gk7ItHNWYoUVCD0NS5NpVpGwbxTC1yk7/view","https://drive.google.com/uc?export=download&id=1gk7ItHNWYoUVCD0NS5NpVpGwbxTC1yk7"
"AQA-8464C2H-JUN24_Q06.pdf","8464C2H_question_pdfs","https://drive.google.com/file/d/1hO5VwK0-f6x2SMo7ZRXSzXeiiidcrrfu/view","https://drive.google.com/uc?export=download&id=1hO5VwK0-f6x2SMo7ZRXSzXeiiidcrrfu"
"AQA-8464C2H-JUN22_Q04.pdf","8464C2H_question_pdfs","https://drive.google.com/file/d/1hqKHANQotAphQ87F0_ML87TpQgn2IG8G/view","https://drive.google.com/uc?export=download&id=1hqKHANQotAphQ87F0_ML87TpQgn2IG8G"
"AQA-8464C2H-JUN24_Q03.pdf","8464C2H_question_pdfs","https://drive.google.com/file/d/1ivHi3vQNhaVgAeX-H9oVeW4P_Mlk7XbE/view","https://drive.google.com/uc?export=download&id=1ivHi3vQNhaVgAeX-H9oVeW4P_Mlk7XbE"
"AQA-8464C2H-NOV21_Q02.pdf","8464C2H_question_pdfs","https://drive.google.com/file/d/1kTeBqu2y4BeK8KuxSiQKjDtAeK35q51Z/view","https://drive.google.com/uc?export=download&id=1kTeBqu2y4BeK8KuxSiQKjDtAeK35q51Z"
"AQA-8464C2H-JUN23_Q05.pdf","8464C2H_question_pdfs","https://drive.google.com/file/d/1klVAUEmaWpfYbWHP1eqMTH4q1v9eBt9I/view","https://drive.google.com/uc?export=download&id=1klVAUEmaWpfYbWHP1eqMTH4q1v9eBt9I"
"AQA-8464C2H-JUN19_Q01.pdf","8464C2H_question_pdfs","https://drive.google.com/file/d/1lI3BMRvt4oFQsdFD9OoVcxkXOX9jYb6_/view","https://drive.google.com/uc?export=download&id=1lI3BMRvt4oFQsdFD9OoVcxkXOX9jYb6_"
"AQA-8464C2H-NOV20_Q05.pdf","8464C2H_question_pdfs","https://drive.google.com/file/d/1ok_K4n4p0qcsdWXUD9LwVfbjauRzZ7O7/view","https://drive.google.com/uc?export=download&id=1ok_K4n4p0qcsdWXUD9LwVfbjauRzZ7O7"
"AQA-8464C2H-JUN24_Q02.pdf","8464C2H_question_pdfs","https://drive.google.com/file/d/1pmxFzgQlvmPWZe2tHgn5TsZKT5UDB2Dg/view","https://drive.google.com/uc?export=download&id=1pmxFzgQlvmPWZe2tHgn5TsZKT5UDB2Dg"
"AQA-8464C2H-JUN23_Q01.pdf","8464C2H_question_pdfs","https://drive.google.com/file/d/1t-UUz6PfcgCCrXj1jjcEYwgbN9PpFL6_/view","https://drive.google.com/uc?export=download&id=1t-UUz6PfcgCCrXj1jjcEYwgbN9PpFL6_"
"AQA-8464C2H-NOV21_Q06.pdf","8464C2H_question_pdfs","https://drive.google.com/file/d/1xBzHICrYw-dtChZumcVaky01yyUqHAIB/view","https://drive.google.com/uc?export=download&id=1xBzHICrYw-dtChZumcVaky01yyUqHAIB"
"AQA-8464C2H-JUN22_Q05.pdf","8464C2H_question_pdfs","https://drive.google.com/file/d/1zxtyqHQymEDJ3lHnSwx4JaAlXcOs0tjC/view","https://drive.google.com/uc?export=download&id=1zxtyqHQymEDJ3lHnSwx4JaAlXcOs0tjC"
"AQA-8464C2H-JUN18_Q01.pdf","8464C2H_question_pdfs","https://drive.google.com/file/d/135iK1qbSs0KSeSbODsCVVD-PzkXydJgM/view","https://drive.google.com/uc?export=download&id=135iK1qbSs0KSeSbODsCVVD-PzkXydJgM"
"AQA-8464C2H-JUN18_Q03.pdf","8464C2H_question_pdfs","https://drive.google.com/file/d/1BVijL_JtzS8AuJw2ZcjgQfaQfXum7jEj/view","https://drive.google.com/uc?export=download&id=1BVijL_JtzS8AuJw2ZcjgQfaQfXum7jEj"
"AQA-8464C2H-JUN18_Q06.pdf","8464C2H_question_pdfs","https://drive.google.com/file/d/1K17MDStl_Y5dHgygETBNlVo4wnseVol1/view","https://drive.google.com/uc?export=download&id=1K17MDStl_Y5dHgygETBNlVo4wnseVol1"
"AQA-8464C2H-JUN18_Q02.pdf","8464C2H_question_pdfs","https://drive.google.com/file/d/1Wpb05tbvYDw6XIuFUMiAdbvDuuJ0HB_D/view","https://drive.google.com/uc?export=download&id=1Wpb05tbvYDw6XIuFUMiAdbvDuuJ0HB_D"
"AQA-8464C2H-JUN18_Q04.pdf","8464C2H_question_pdfs","https://drive.google.com/file/d/1h83Uz3RiHt2mx_-dl_8HNIx51Ss55fpa/view","https://drive.google.com/uc?export=download&id=1h83Uz3RiHt2mx_-dl_8HNIx51Ss55fpa"
"AQA-8464C2H-JUN18_Q05.pdf","8464C2H_question_pdfs","https://drive.google.com/file/d/1i1-d92T8jOTn-4Mo_-umEJHBIuJXVciF/view","https://drive.google.com/uc?export=download&id=1i1-d92T8jOTn-4Mo_-umEJHBIuJXVciF"
"AQA-8464C1F-JUN22_Q03.pdf","8464C1F_question_pdfs","https://drive.google.com/file/d/12bbT5BVlBI__2NvIzJYJW1VH2lv2JY5k/view","https://drive.google.com/uc?export=download&id=12bbT5BVlBI__2NvIzJYJW1VH2lv2JY5k"
"AQA-8464C1F-JUN22_Q07.pdf","8464C1F_question_pdfs","https://drive.google.com/file/d/15-B7GThCy5uAjYBvcU2-InNBN0H01GnG/view","https://drive.google.com/uc?export=download&id=15-B7GThCy5uAjYBvcU2-InNBN0H01GnG"
"AQA-8464C1F-JUN22_Q02.pdf","8464C1F_question_pdfs","https://drive.google.com/file/d/1D1cLJvN90mSreKBsQIHazhPVDO0vNyAq/view","https://drive.google.com/uc?export=download&id=1D1cLJvN90mSreKBsQIHazhPVDO0vNyAq"
"AQA-8464C1F-JUN22_Q05.pdf","8464C1F_question_pdfs","https://drive.google.com/file/d/1Vd1ighZn37yUonJK4qfGhyHq8ZV5jIr0/view","https://drive.google.com/uc?export=download&id=1Vd1ighZn37yUonJK4qfGhyHq8ZV5jIr0"
"AQA-8464C1F-JUN22_Q04.pdf","8464C1F_question_pdfs","https://drive.google.com/file/d/1e9wX5NXH-FUCRwxUO6-a2islM1advmzI/view","https://drive.google.com/uc?export=download&id=1e9wX5NXH-FUCRwxUO6-a2islM1advmzI"
"AQA-8464C1F-JUN22_Q06.pdf","8464C1F_question_pdfs","https://drive.google.com/file/d/1rLCpIIYL7kW5RphmfGBeWu-WUojSSx4R/view","https://drive.google.com/uc?export=download&id=1rLCpIIYL7kW5RphmfGBeWu-WUojSSx4R"
"AQA-8464C1F-JUN22_Q01.pdf","8464C1F_question_pdfs","https://drive.google.com/file/d/1w208aS0bpQXnHiOZH6-tpvpZAEJhRfju/view","https://drive.google.com/uc?export=download&id=1w208aS0bpQXnHiOZH6-tpvpZAEJhRfju"
"AQA-8464C1F-JUN18_Q04.pdf","8464C1F_question_pdfs","https://drive.google.com/file/d/1-6jcsml2T-eYBsaQJck9P0Sn_sQwUzL0/view","https://drive.google.com/uc?export=download&id=1-6jcsml2T-eYBsaQJck9P0Sn_sQwUzL0"
"AQA-8464C1F-JUN19_Q03.pdf","8464C1F_question_pdfs","https://drive.google.com/file/d/1-igRot19aBwZ8wDbxRibLbobA1Q6wROo/view","https://drive.google.com/uc?export=download&id=1-igRot19aBwZ8wDbxRibLbobA1Q6wROo"
"AQA-8464C1F-NOV20_Q01.pdf","8464C1F_question_pdfs","https://drive.google.com/file/d/10Vef3tGzwILWmQ5cJiR4deYn691pXnD-/view","https://drive.google.com/uc?export=download&id=10Vef3tGzwILWmQ5cJiR4deYn691pXnD-"
"AQA-8464C1F-JUN18_Q07.pdf","8464C1F_question_pdfs","https://drive.google.com/file/d/12Fo10FA3DkOFOHv476h1PSvpHYVV4Zzj/view","https://drive.google.com/uc?export=download&id=12Fo10FA3DkOFOHv476h1PSvpHYVV4Zzj"
"AQA-8464C1F-NOV21_Q06.pdf","8464C1F_question_pdfs","https://drive.google.com/file/d/14Oa0rH_jTOBXHUz-JtdgfdSieAmLzixL/view","https://drive.google.com/uc?export=download&id=14Oa0rH_jTOBXHUz-JtdgfdSieAmLzixL"
"AQA-8464C1F-JUN23_Q05.pdf","8464C1F_question_pdfs","https://drive.google.com/file/d/16b9PnpAvwe67fWNp8sRMhIxhCt0v6nuH/view","https://drive.google.com/uc?export=download&id=16b9PnpAvwe67fWNp8sRMhIxhCt0v6nuH"
"AQA-8464C1F-NOV21_Q05.pdf","8464C1F_question_pdfs","https://drive.google.com/file/d/19IUXZpzG0zz6EwsRef7FcyOp9pMet4Mi/view","https://drive.google.com/uc?export=download&id=19IUXZpzG0zz6EwsRef7FcyOp9pMet4Mi"
"AQA-8464C1F-JUN23_Q06.pdf","8464C1F_question_pdfs","https://drive.google.com/file/d/1A33_sOiGGSAP4KdjprNneLyWhq7_e3xf/view","https://drive.google.com/uc?export=download&id=1A33_sOiGGSAP4KdjprNneLyWhq7_e3xf"
"AQA-8464C1F-JUN19_Q02.pdf","8464C1F_question_pdfs","https://drive.google.com/file/d/1BJy4LjU3hjOdSZ4cVrrH6vlWH9ocWlyR/view","https://drive.google.com/uc?export=download&id=1BJy4LjU3hjOdSZ4cVrrH6vlWH9ocWlyR"
"AQA-8464C1F-NOV20_Q08.pdf","8464C1F_question_pdfs","https://drive.google.com/file/d/1Dyco_1CcGaGLMUI1bLkFXKLgptW5hrWM/view","https://drive.google.com/uc?export=download&id=1Dyco_1CcGaGLMUI1bLkFXKLgptW5hrWM"
"AQA-8464C1F-NOV21_Q01.pdf","8464C1F_question_pdfs","https://drive.google.com/file/d/1FJFp5ZZmwnOctMZUNdghB9Nc6sa8lbCG/view","https://drive.google.com/uc?export=download&id=1FJFp5ZZmwnOctMZUNdghB9Nc6sa8lbCG"
"AQA-8464C1F-JUN19_Q01.pdf","8464C1F_question_pdfs","https://drive.google.com/file/d/1P4xUgyXyeR3nCwkEmQEoc4w3HR8HaMc-/view","https://drive.google.com/uc?export=download&id=1P4xUgyXyeR3nCwkEmQEoc4w3HR8HaMc-"
"AQA-8464C1F-JUN19_Q07.pdf","8464C1F_question_pdfs","https://drive.google.com/file/d/1Qx2iWEIw-uwfsxecqXlc6CD-tja1lggu/view","https://drive.google.com/uc?export=download&id=1Qx2iWEIw-uwfsxecqXlc6CD-tja1lggu"
"AQA-8464C1F-JUN24_Q01.pdf","8464C1F_question_pdfs","https://drive.google.com/file/d/1VK4cv1ZgFnGcmvoFIDHxg1yQdlwFlueV/view","https://drive.google.com/uc?export=download&id=1VK4cv1ZgFnGcmvoFIDHxg1yQdlwFlueV"
"AQA-8464C1F-NOV21_Q03.pdf","8464C1F_question_pdfs","https://drive.google.com/file/d/1Ywfl-BkH4tUE74XICuCfl7ftWFJWwbIz/view","https://drive.google.com/uc?export=download&id=1Ywfl-BkH4tUE74XICuCfl7ftWFJWwbIz"
"AQA-8464C1F-JUN23_Q01.pdf","8464C1F_question_pdfs","https://drive.google.com/file/d/1Z96p1m7Ec-rjX9YaC28d2WAkpTHRV0mS/view","https://drive.google.com/uc?export=download&id=1Z96p1m7Ec-rjX9YaC28d2WAkpTHRV0mS"
"AQA-8464C1F-JUN18_Q01.pdf","8464C1F_question_pdfs","https://drive.google.com/file/d/1ZzY4AFz6Znt-T_w5aC9D7ZmjTV8beLxd/view","https://drive.google.com/uc?export=download&id=1ZzY4AFz6Znt-T_w5aC9D7ZmjTV8beLxd"
"AQA-8464C1F-JUN19_Q06.pdf","8464C1F_question_pdfs","https://drive.google.com/file/d/1_sowlWfoUQ4a_zu4UVJlSgOlDp9mk4pT/view","https://drive.google.com/uc?export=download&id=1_sowlWfoUQ4a_zu4UVJlSgOlDp9mk4pT"
"AQA-8464C1F-NOV20_Q06.pdf","8464C1F_question_pdfs","https://drive.google.com/file/d/1bcbNY3giQf6JfDmvymWRZa8x5h4KSaIs/view","https://drive.google.com/uc?export=download&id=1bcbNY3giQf6JfDmvymWRZa8x5h4KSaIs"
"AQA-8464C1F-JUN18_Q06.pdf","8464C1F_question_pdfs","https://drive.google.com/file/d/1eU2MLOIXOc-IX3qBDFUPZPVYtz2Ti-N0/view","https://drive.google.com/uc?export=download&id=1eU2MLOIXOc-IX3qBDFUPZPVYtz2Ti-N0"
"AQA-8464C1F-JUN19_Q05.pdf","8464C1F_question_pdfs","https://drive.google.com/file/d/1fOiMs-GfkF3dPDSSz1-oKZ3ximLz6Ajw/view","https://drive.google.com/uc?export=download&id=1fOiMs-GfkF3dPDSSz1-oKZ3ximLz6Ajw"
"AQA-8464C1F-NOV21_Q07.pdf","8464C1F_question_pdfs","https://drive.google.com/file/d/1g9WFDpH70OTrW5qfBi5yb0AsYnfnLuVC/view","https://drive.google.com/uc?export=download&id=1g9WFDpH70OTrW5qfBi5yb0AsYnfnLuVC"
"AQA-8464C1F-NOV21_Q02.pdf","8464C1F_question_pdfs","https://drive.google.com/file/d/1gb89RagnGxGb17HgXiVv1GwBG0CZEUIr/view","https://drive.google.com/uc?export=download&id=1gb89RagnGxGb17HgXiVv1GwBG0CZEUIr"
"AQA-8464C1F-JUN18_Q03.pdf","8464C1F_question_pdfs","https://drive.google.com/file/d/1hTh2yG8fVV6gzoe2GkpF50DM9hmYRr_2/view","https://drive.google.com/uc?export=download&id=1hTh2yG8fVV6gzoe2GkpF50DM9hmYRr_2"
"AQA-8464C1F-JUN18_Q05.pdf","8464C1F_question_pdfs","https://drive.google.com/file/d/1hvckEm9KQft0HkdSjduAZtFZLW3-XHSO/view","https://drive.google.com/uc?export=download&id=1hvckEm9KQft0HkdSjduAZtFZLW3-XHSO"
"AQA-8464C1F-JUN24_Q04.pdf","8464C1F_question_pdfs","https://drive.google.com/file/d/1hzK3U5DWNcPOV73qyOc95h8pdFsMLZ_e/view","https://drive.google.com/uc?export=download&id=1hzK3U5DWNcPOV73qyOc95h8pdFsMLZ_e"
"AQA-8464C1F-NOV20_Q02.pdf","8464C1F_question_pdfs","https://drive.google.com/file/d/1i79POjk9oDPbd1dbVIxnDQz6wRdJAQSE/view","https://drive.google.com/uc?export=download&id=1i79POjk9oDPbd1dbVIxnDQz6wRdJAQSE"
"AQA-8464C1F-JUN23_Q03.pdf","8464C1F_question_pdfs","https://drive.google.com/file/d/1ibD7xtvZ0u6RR44h8d2mZ14EQvzV1I7O/view","https://drive.google.com/uc?export=download&id=1ibD7xtvZ0u6RR44h8d2mZ14EQvzV1I7O"
"AQA-8464C1F-JUN24_Q02.pdf","8464C1F_question_pdfs","https://drive.google.com/file/d/1iiaP2_cMixrXJkJt4pJsWnU3p26mj2X6/view","https://drive.google.com/uc?export=download&id=1iiaP2_cMixrXJkJt4pJsWnU3p26mj2X6"
"AQA-8464C1F-NOV20_Q05.pdf","8464C1F_question_pdfs","https://drive.google.com/file/d/1kU9yvtbneXVwgOsNvdrxmbWGeLWRcjKC/view","https://drive.google.com/uc?export=download&id=1kU9yvtbneXVwgOsNvdrxmbWGeLWRcjKC"
"AQA-8464C1F-JUN23_Q07.pdf","8464C1F_question_pdfs","https://drive.google.com/file/d/1kpJfpGxRMHZvE0YPsZuXk3S-qHF7E6Ma/view","https://drive.google.com/uc?export=download&id=1kpJfpGxRMHZvE0YPsZuXk3S-qHF7E6Ma"
"AQA-8464C1F-JUN23_Q02.pdf","8464C1F_question_pdfs","https://drive.google.com/file/d/1m3rcgligM5fqjd0QNMx-vAMwQAUtmX5p/view","https://drive.google.com/uc?export=download&id=1m3rcgligM5fqjd0QNMx-vAMwQAUtmX5p"
"AQA-8464C1F-JUN23_Q04.pdf","8464C1F_question_pdfs","https://drive.google.com/file/d/1m4OeOqf-CE9s_mX1_H-hI4_TS628fu_r/view","https://drive.google.com/uc?export=download&id=1m4OeOqf-CE9s_mX1_H-hI4_TS628fu_r"
"AQA-8464C1F-NOV20_Q07.pdf","8464C1F_question_pdfs","https://drive.google.com/file/d/1mUNco0s9ITb1JlnrtCAutRNhvKUWURTe/view","https://drive.google.com/uc?export=download&id=1mUNco0s9ITb1JlnrtCAutRNhvKUWURTe"
"AQA-8464C1F-NOV20_Q04.pdf","8464C1F_question_pdfs","https://drive.google.com/file/d/1mzmVBw975e4hjV2EoEc79T7-t4HR33SQ/view","https://drive.google.com/uc?export=download&id=1mzmVBw975e4hjV2EoEc79T7-t4HR33SQ"
"AQA-8464C1F-JUN19_Q04.pdf","8464C1F_question_pdfs","https://drive.google.com/file/d/1n_ddOVuU9-gaShgNLsK__3sRgnvw_mY7/view","https://drive.google.com/uc?export=download&id=1n_ddOVuU9-gaShgNLsK__3sRgnvw_mY7"
"AQA-8464C1F-NOV20_Q03.pdf","8464C1F_question_pdfs","https://drive.google.com/file/d/1oijtaZN9EenE8XcUxBTiDTcoD4UM9DGt/view","https://drive.google.com/uc?export=download&id=1oijtaZN9EenE8XcUxBTiDTcoD4UM9DGt"
"AQA-8464C1F-JUN18_Q02.pdf","8464C1F_question_pdfs","https://drive.google.com/file/d/1pr8k3dnEzOZirP8v9qZ_B_sFVhomk4nZ/view","https://drive.google.com/uc?export=download&id=1pr8k3dnEzOZirP8v9qZ_B_sFVhomk4nZ"
"AQA-8464C1F-NOV21_Q04.pdf","8464C1F_question_pdfs","https://drive.google.com/file/d/1qPLPw_-ge4u6l4sjcCQx-tOjViUp602F/view","https://drive.google.com/uc?export=download&id=1qPLPw_-ge4u6l4sjcCQx-tOjViUp602F"
"AQA-8464C1F-JUN24_Q08.pdf","8464C1F_question_pdfs","https://drive.google.com/file/d/1r6dxw2Qz3UTowkhMe2VTVgmRKAwKTTiT/view","https://drive.google.com/uc?export=download&id=1r6dxw2Qz3UTowkhMe2VTVgmRKAwKTTiT"
"AQA-8464C1F-JUN24_Q03.pdf","8464C1F_question_pdfs","https://drive.google.com/file/d/1rwVM3VDV_JfYRaTDBKsh5hBXxPoXUwct/view","https://drive.google.com/uc?export=download&id=1rwVM3VDV_JfYRaTDBKsh5hBXxPoXUwct"
"AQA-8464C1F-JUN24_Q05.pdf","8464C1F_question_pdfs","https://drive.google.com/file/d/1slj2Pl-2a1BM3LCvvegbcecYt_ntdJJc/view","https://drive.google.com/uc?export=download&id=1slj2Pl-2a1BM3LCvvegbcecYt_ntdJJc"
"AQA-8464C1F-JUN24_Q06.pdf","8464C1F_question_pdfs","https://drive.google.com/file/d/1v8Ph6UYFsF1YxEsZZGgqlc9VRb_RIhCr/view","https://drive.google.com/uc?export=download&id=1v8Ph6UYFsF1YxEsZZGgqlc9VRb_RIhCr"
"AQA-8464C1F-JUN24_Q07.pdf","8464C1F_question_pdfs","https://drive.google.com/file/d/1vk0Oq0vspAx09cf66WqEqZEPgJqTkQ5S/view","https://drive.google.com/uc?export=download&id=1vk0Oq0vspAx09cf66WqEqZEPgJqTkQ5S"
"AQA-8464C1H-NOV21_Q03.pdf","8464C1H_question_pdfs","https://drive.google.com/file/d/13E2Oq1idYsjYV6WagF27LmguVaGLC-P-/view","https://drive.google.com/uc?export=download&id=13E2Oq1idYsjYV6WagF27LmguVaGLC-P-"
"AQA-8464C1H-NOV21_Q01.pdf","8464C1H_question_pdfs","https://drive.google.com/file/d/13SjBcaqIvwUy7wzDd7zlfyClWIgXmcAj/view","https://drive.google.com/uc?export=download&id=13SjBcaqIvwUy7wzDd7zlfyClWIgXmcAj"
"AQA-8464C1H-NOV21_Q04.pdf","8464C1H_question_pdfs","https://drive.google.com/file/d/1FYKZeOvbRPxU6ydC8KOTbivd9lhh8OAQ/view","https://drive.google.com/uc?export=download&id=1FYKZeOvbRPxU6ydC8KOTbivd9lhh8OAQ"
"AQA-8464C1H-NOV21_Q06.pdf","8464C1H_question_pdfs","https://drive.google.com/file/d/1JIAf6ErJeG9NEOm4ahNBFdZPo25aI3lP/view","https://drive.google.com/uc?export=download&id=1JIAf6ErJeG9NEOm4ahNBFdZPo25aI3lP"
"AQA-8464C1H-NOV21_Q07.pdf","8464C1H_question_pdfs","https://drive.google.com/file/d/1NLqX2dT63OW-jruzr37Qg230Js_aVMEO/view","https://drive.google.com/uc?export=download&id=1NLqX2dT63OW-jruzr37Qg230Js_aVMEO"
"AQA-8464C1H-NOV21_Q02.pdf","8464C1H_question_pdfs","https://drive.google.com/file/d/1OsGzzNhhEd0B1Tm120NY60AxiLyFLWkJ/view","https://drive.google.com/uc?export=download&id=1OsGzzNhhEd0B1Tm120NY60AxiLyFLWkJ"
"AQA-8464C1H-NOV21_Q05.pdf","8464C1H_question_pdfs","https://drive.google.com/file/d/1cX3YktDs1DIUR2-X3ZLifqTHqYw3z_Au/view","https://drive.google.com/uc?export=download&id=1cX3YktDs1DIUR2-X3ZLifqTHqYw3z_Au"
"AQA-8464C1H-JUN19_Q05.pdf","8464C1H_question_pdfs","https://drive.google.com/file/d/10oQIsebsuVl29k6ctof-VpAhS3cjqI7a/view","https://drive.google.com/uc?export=download&id=10oQIsebsuVl29k6ctof-VpAhS3cjqI7a"
"AQA-8464C1H-NOV20_Q04.pdf","8464C1H_question_pdfs","https://drive.google.com/file/d/12oi6OxA4AIZFO1e6TPkEO8rLqTMcDZCM/view","https://drive.google.com/uc?export=download&id=12oi6OxA4AIZFO1e6TPkEO8rLqTMcDZCM"
"AQA-8464C1H-JUN22_Q02.pdf","8464C1H_question_pdfs","https://drive.google.com/file/d/17ZdmYqKhdbPxQWfnSJs9z4cgN4-8Wsu3/view","https://drive.google.com/uc?export=download&id=17ZdmYqKhdbPxQWfnSJs9z4cgN4-8Wsu3"
"AQA-8464C1H-JUN24_Q08.pdf","8464C1H_question_pdfs","https://drive.google.com/file/d/1D3Og8hNmmyCweYvz5q5xeWvXT8whGn-Y/view","https://drive.google.com/uc?export=download&id=1D3Og8hNmmyCweYvz5q5xeWvXT8whGn-Y"
"AQA-8464C1H-JUN19_Q04.pdf","8464C1H_question_pdfs","https://drive.google.com/file/d/1E6YIcqz8hGp0WYxYH_0JdhshrfHTJX9U/view","https://drive.google.com/uc?export=download&id=1E6YIcqz8hGp0WYxYH_0JdhshrfHTJX9U"
"AQA-8464C1H-JUN24_Q06.pdf","8464C1H_question_pdfs","https://drive.google.com/file/d/1E6wxImgGYHLJARTk7dk8co1ByVw9WBxl/view","https://drive.google.com/uc?export=download&id=1E6wxImgGYHLJARTk7dk8co1ByVw9WBxl"
"AQA-8464C1H-JUN23_Q01.pdf","8464C1H_question_pdfs","https://drive.google.com/file/d/1GMCZo1Zz_4Ppuo4d0a-4VG2ylqwregyx/view","https://drive.google.com/uc?export=download&id=1GMCZo1Zz_4Ppuo4d0a-4VG2ylqwregyx"
"AQA-8464C1H-NOV20_Q03.pdf","8464C1H_question_pdfs","https://drive.google.com/file/d/1GNH1mnqLhuT_ITzGI27mHPsprTz8S0No/view","https://drive.google.com/uc?export=download&id=1GNH1mnqLhuT_ITzGI27mHPsprTz8S0No"
"AQA-8464C1H-JUN19_Q03.pdf","8464C1H_question_pdfs","https://drive.google.com/file/d/1HBfIDa43tyIqeJT96ZJlxV7FmPygp4A1/view","https://drive.google.com/uc?export=download&id=1HBfIDa43tyIqeJT96ZJlxV7FmPygp4A1"
"AQA-8464C1H-JUN18_Q04.pdf","8464C1H_question_pdfs","https://drive.google.com/file/d/1LB6wIj_eocEqC_nQInzMuUG6f4oFYLZx/view","https://drive.google.com/uc?export=download&id=1LB6wIj_eocEqC_nQInzMuUG6f4oFYLZx"
"AQA-8464C1H-JUN19_Q06.pdf","8464C1H_question_pdfs","https://drive.google.com/file/d/1N1nxuJvo91x_b_cfBgWcxnZB1bJAgt4h/view","https://drive.google.com/uc?export=download&id=1N1nxuJvo91x_b_cfBgWcxnZB1bJAgt4h"
"AQA-8464C1H-NOV20_Q06.pdf","8464C1H_question_pdfs","https://drive.google.com/file/d/1NGEEtcob6ObJ9AFVZnc61oxZPzK5VQlt/view","https://drive.google.com/uc?export=download&id=1NGEEtcob6ObJ9AFVZnc61oxZPzK5VQlt"
"AQA-8464C1H-JUN23_Q03.pdf","8464C1H_question_pdfs","https://drive.google.com/file/d/1O33Qb6ml3PPp_EliCz_PH9PYz5c_omwK/view","https://drive.google.com/uc?export=download&id=1O33Qb6ml3PPp_EliCz_PH9PYz5c_omwK"
"AQA-8464C1H-JUN18_Q02.pdf","8464C1H_question_pdfs","https://drive.google.com/file/d/1OHm8xhG4zSTmYT2mGtxwVREC2F3USIjv/view","https://drive.google.com/uc?export=download&id=1OHm8xhG4zSTmYT2mGtxwVREC2F3USIjv"
"AQA-8464C1H-JUN18_Q06.pdf","8464C1H_question_pdfs","https://drive.google.com/file/d/1Qw3ZQbRwZnDoc_YBSVRSrnqi0G91iSg3/view","https://drive.google.com/uc?export=download&id=1Qw3ZQbRwZnDoc_YBSVRSrnqi0G91iSg3"
"AQA-8464C1H-JUN18_Q03.pdf","8464C1H_question_pdfs","https://drive.google.com/file/d/1RFRnvsq9n2hGaWVT8_EAlNQXbJ42q2Ni/view","https://drive.google.com/uc?export=download&id=1RFRnvsq9n2hGaWVT8_EAlNQXbJ42q2Ni"
"AQA-8464C1H-NOV20_Q01.pdf","8464C1H_question_pdfs","https://drive.google.com/file/d/1URWXcmUyFn9EA5L6cw33p6Be-J9Dfwqd/view","https://drive.google.com/uc?export=download&id=1URWXcmUyFn9EA5L6cw33p6Be-J9Dfwqd"
"AQA-8464C1H-JUN23_Q04.pdf","8464C1H_question_pdfs","https://drive.google.com/file/d/1WFdU0yAiOeKAdQXu6yS0s6SLov9Qrk0h/view","https://drive.google.com/uc?export=download&id=1WFdU0yAiOeKAdQXu6yS0s6SLov9Qrk0h"
"AQA-8464C1H-JUN23_Q07.pdf","8464C1H_question_pdfs","https://drive.google.com/file/d/1Wlh236UQkLESlvRDD2KSxs5I8WamhLDf/view","https://drive.google.com/uc?export=download&id=1Wlh236UQkLESlvRDD2KSxs5I8WamhLDf"
"AQA-8464C1H-JUN18_Q01.pdf","8464C1H_question_pdfs","https://drive.google.com/file/d/1YWOXjw8q-g7WLpKK52cdxb85TSDdVJXJ/view","https://drive.google.com/uc?export=download&id=1YWOXjw8q-g7WLpKK52cdxb85TSDdVJXJ"
"AQA-8464C1H-NOV20_Q02.pdf","8464C1H_question_pdfs","https://drive.google.com/file/d/1YWrm2EAu0MaV_oUl3_6_t5O7S_Dmmdei/view","https://drive.google.com/uc?export=download&id=1YWrm2EAu0MaV_oUl3_6_t5O7S_Dmmdei"
"AQA-8464C1H-JUN22_Q04.pdf","8464C1H_question_pdfs","https://drive.google.com/file/d/1Zi84_SCX2XS7c8-s5CEPln3pLbOf8qyp/view","https://drive.google.com/uc?export=download&id=1Zi84_SCX2XS7c8-s5CEPln3pLbOf8qyp"
"AQA-8464C1H-JUN23_Q06.pdf","8464C1H_question_pdfs","https://drive.google.com/file/d/1_R_fFq_UXZ9mxbB3jiMdy8YxcVRJHKNy/view","https://drive.google.com/uc?export=download&id=1_R_fFq_UXZ9mxbB3jiMdy8YxcVRJHKNy"
"AQA-8464C1H-JUN19_Q01.pdf","8464C1H_question_pdfs","https://drive.google.com/file/d/1_d0A4Kii2Atf6gZ6AWiNSCX-UJwesNTs/view","https://drive.google.com/uc?export=download&id=1_d0A4Kii2Atf6gZ6AWiNSCX-UJwesNTs"
"AQA-8464C1H-JUN24_Q01.pdf","8464C1H_question_pdfs","https://drive.google.com/file/d/1bHTeLbu1_tkX_MylxSObNaiZtnNqX_c0/view","https://drive.google.com/uc?export=download&id=1bHTeLbu1_tkX_MylxSObNaiZtnNqX_c0"
"AQA-8464C1H-JUN24_Q05.pdf","8464C1H_question_pdfs","https://drive.google.com/file/d/1bXCun8qXVHG8SiIw-9FzQDTQRSsZqhyo/view","https://drive.google.com/uc?export=download&id=1bXCun8qXVHG8SiIw-9FzQDTQRSsZqhyo"
"AQA-8464C1H-JUN24_Q03.pdf","8464C1H_question_pdfs","https://drive.google.com/file/d/1bxK_2crK5ITtqQdY5nY2vwIUMzuYiq1O/view","https://drive.google.com/uc?export=download&id=1bxK_2crK5ITtqQdY5nY2vwIUMzuYiq1O"
"AQA-8464C1H-JUN24_Q02.pdf","8464C1H_question_pdfs","https://drive.google.com/file/d/1gbvh-wOokH7xzwhDnh6RJbee4-a_L8nh/view","https://drive.google.com/uc?export=download&id=1gbvh-wOokH7xzwhDnh6RJbee4-a_L8nh"
"AQA-8464C1H-JUN22_Q05.pdf","8464C1H_question_pdfs","https://drive.google.com/file/d/1haXDGCWiC2jyefLsc-_3yuSMstS4VHfG/view","https://drive.google.com/uc?export=download&id=1haXDGCWiC2jyefLsc-_3yuSMstS4VHfG"
"AQA-8464C1H-JUN18_Q08.pdf","8464C1H_question_pdfs","https://drive.google.com/file/d/1mPQnQ8WdrARy6aBtyXhIgfDyIi3qd2GV/view","https://drive.google.com/uc?export=download&id=1mPQnQ8WdrARy6aBtyXhIgfDyIi3qd2GV"
"AQA-8464C1H-JUN18_Q05.pdf","8464C1H_question_pdfs","https://drive.google.com/file/d/1nDA-DdOpfThHYOdbcM8NTlwAI6Zf6qMu/view","https://drive.google.com/uc?export=download&id=1nDA-DdOpfThHYOdbcM8NTlwAI6Zf6qMu"
"AQA-8464C1H-NOV20_Q07.pdf","8464C1H_question_pdfs","https://drive.google.com/file/d/1nQNjXDETCiLaDo-bnSLC4d2XeuB6-3hz/view","https://drive.google.com/uc?export=download&id=1nQNjXDETCiLaDo-bnSLC4d2XeuB6-3hz"
"AQA-8464C1H-JUN19_Q02.pdf","8464C1H_question_pdfs","https://drive.google.com/file/d/1oOB_Gtu3Rs8X_1YRuTGkEaO52TQOcUrV/view","https://drive.google.com/uc?export=download&id=1oOB_Gtu3Rs8X_1YRuTGkEaO52TQOcUrV"
"AQA-8464C1H-JUN23_Q05.pdf","8464C1H_question_pdfs","https://drive.google.com/file/d/1pEDDnB-Pq8osIcs0TMAn-1YUmNgtm_uX/view","https://drive.google.com/uc?export=download&id=1pEDDnB-Pq8osIcs0TMAn-1YUmNgtm_uX"
"AQA-8464C1H-JUN24_Q07.pdf","8464C1H_question_pdfs","https://drive.google.com/file/d/1qIoAJWPNKWyjQoHNnGqYxszHQOz83Opi/view","https://drive.google.com/uc?export=download&id=1qIoAJWPNKWyjQoHNnGqYxszHQOz83Opi"
"AQA-8464C1H-JUN22_Q07.pdf","8464C1H_question_pdfs","https://drive.google.com/file/d/1qQx7kgCzh14jKin7Kfy2-mgOxoDe_n6M/view","https://drive.google.com/uc?export=download&id=1qQx7kgCzh14jKin7Kfy2-mgOxoDe_n6M"
"AQA-8464C1H-JUN22_Q06.pdf","8464C1H_question_pdfs","https://drive.google.com/file/d/1qo_FxR1UJXX4X9mPTln3EjAiryy5oQV-/view","https://drive.google.com/uc?export=download&id=1qo_FxR1UJXX4X9mPTln3EjAiryy5oQV-"
"AQA-8464C1H-JUN22_Q01.pdf","8464C1H_question_pdfs","https://drive.google.com/file/d/1rM5bmbvHUWrTyzHbWcnTcYhrtuH1znXm/view","https://drive.google.com/uc?export=download&id=1rM5bmbvHUWrTyzHbWcnTcYhrtuH1znXm"
"AQA-8464C1H-JUN24_Q04.pdf","8464C1H_question_pdfs","https://drive.google.com/file/d/1tAUSmZFX6Vrfo4RA-VbF0HwwIORluIsj/view","https://drive.google.com/uc?export=download&id=1tAUSmZFX6Vrfo4RA-VbF0HwwIORluIsj"
"AQA-8464C1H-JUN18_Q07.pdf","8464C1H_question_pdfs","https://drive.google.com/file/d/1uo-r5954Ui1Hr19RRusZ6TTCBjhy1EMt/view","https://drive.google.com/uc?export=download&id=1uo-r5954Ui1Hr19RRusZ6TTCBjhy1EMt"
"AQA-8464C1H-JUN23_Q02.pdf","8464C1H_question_pdfs","https://drive.google.com/file/d/1vYR1iEz7tATodzjw95TKY8BWNfkuqau3/view","https://drive.google.com/uc?export=download&id=1vYR1iEz7tATodzjw95TKY8BWNfkuqau3"
"AQA-8464C1H-NOV20_Q05.pdf","8464C1H_question_pdfs","https://drive.google.com/file/d/1xSHcACS7kAtpL9fCgH5IuKgT4WE4h8xy/view","https://drive.google.com/uc?export=download&id=1xSHcACS7kAtpL9fCgH5IuKgT4WE4h8xy"
